objective-1-time,objective-1-type,objective-1-player_slot,objective-1-team,objective-1-key,objective-1-slot,objective-2-time,objective-2-type,objective-2-player_slot,objective-2-team,objective-2-key,objective-2-slot,objective-3-time,objective-3-type,objective-3-player_slot,objective-3-team,objective-3-key,objective-3-slot,objective-4-time,objective-4-type,objective-4-player_slot,objective-4-team,objective-4-key,objective-4-slot,objective-5-time,objective-5-type,objective-5-player_slot,objective-5-team,objective-5-key,objective-5-slot,objective-6-time,objective-6-type,objective-6-player_slot,objective-6-team,objective-6-key,objective-6-slot,objective-7-time,objective-7-type,objective-7-player_slot,objective-7-team,objective-7-key,objective-7-slot,objective-8-time,objective-8-type,objective-8-player_slot,objective-8-team,objective-8-key,objective-8-slot,objective-9-time,objective-9-type,objective-9-player_slot,objective-9-team,objective-9-key,objective-9-slot,objective-10-time,objective-10-type,objective-10-player_slot,objective-10-team,objective-10-key,objective-10-slot,objective-11-time,objective-11-type,objective-11-player_slot,objective-11-team,objective-11-key,objective-11-slot,objective-12-time,objective-12-type,objective-12-player_slot,objective-12-team,objective-12-key,objective-12-slot,objective-13-time,objective-13-type,objective-13-player_slot,objective-13-team,objective-13-key,objective-13-slot,objective-14-time,objective-14-type,objective-14-player_slot,objective-14-team,objective-14-key,objective-14-slot,objective-15-time,objective-15-type,objective-15-player_slot,objective-15-team,objective-15-key,objective-15-slot,objective-16-time,objective-16-type,objective-16-player_slot,objective-16-team,objective-16-key,objective-16-slot,objective-17-time,objective-17-type,objective-17-player_slot,objective-17-team,objective-17-key,objective-17-slot,objective-18-time,objective-18-type,objective-18-player_slot,objective-18-team,objective-18-key,objective-18-slot,objective-19-time,objective-19-type,objective-19-player_slot,objective-19-team,objective-19-key,objective-19-slot,objective-20-time,objective-20-type,objective-20-player_slot,objective-20-team,objective-20-key,objective-20-slot,objective-21-time,objective-21-type,objective-21-player_slot,objective-21-team,objective-21-key,objective-21-slot,objective-22-time,objective-22-type,objective-22-player_slot,objective-22-team,objective-22-key,objective-22-slot,objective-23-time,objective-23-type,objective-23-player_slot,objective-23-team,objective-23-key,objective-23-slot,objective-24-time,objective-24-type,objective-24-player_slot,objective-24-team,objective-24-key,objective-24-slot,objective-25-time,objective-25-type,objective-25-player_slot,objective-25-team,objective-25-key,objective-25-slot,objective-26-time,objective-26-type,objective-26-player_slot,objective-26-team,objective-26-key,objective-26-slot,objective-27-time,objective-27-type,objective-27-player_slot,objective-27-team,objective-27-key,objective-27-slot
124.203,CHAT_MESSAGE_FIRSTBLOOD,131,,2,8,,,,,,,,,,,,,,,,,,,,,,,,,,,,,,,,,,,,,,,,,,,,,,,,,,,,,,,,,,,,,,,,,,,,,,,,,,,,,,,,,,,,,,,,,,,,,,,,,,,,,,,,,,,,,,,,,,,,,,,,,,,,,,,,,,,,,,,,,,,,,,,,,,,,,,,,,,,,
2.701,CHAT_MESSAGE_FIRSTBLOOD,129,,2,6,579.685,CHAT_MESSAGE_TOWER_KILL,4,2,,4,652.601,CHAT_MESSAGE_TOWER_KILL,,2,,-1,,,,,,,,,,,,,,,,,,,,,,,,,,,,,,,,,,,,,,,,,,,,,,,,,,,,,,,,,,,,,,,,,,,,,,,,,,,,,,,,,,,,,,,,,,,,,,,,,,,,,,,,,,,,,,,,,,,,,,,,,,,,,,,,,,,,,,,,,,,,,,,,
,,,,,,,,,,,,,,,,,,,,,,,,,,,,,,,,,,,,,,,,,,,,,,,,,,,,,,,,,,,,,,,,,,,,,,,,,,,,,,,,,,,,,,,,,,,,,,,,,,,,,,,,,,,,,,,,,,,,,,,,,,,,,,,,,,,,,,,,,,,,,,,,,,,,,,,,,,,,,,,,,
154.262,CHAT_MESSAGE_FIRSTBLOOD,2,,6,2,,,,,,,,,,,,,,,,,,,,,,,,,,,,,,,,,,,,,,,,,,,,,,,,,,,,,,,,,,,,,,,,,,,,,,,,,,,,,,,,,,,,,,,,,,,,,,,,,,,,,,,,,,,,,,,,,,,,,,,,,,,,,,,,,,,,,,,,,,,,,,,,,,,,,,,,,,,,
-10.997,CHAT_MESSAGE_FIRSTBLOOD,1,,9,1,,,,,,,,,,,,,,,,,,,,,,,,,,,,,,,,,,,,,,,,,,,,,,,,,,,,,,,,,,,,,,,,,,,,,,,,,,,,,,,,,,,,,,,,,,,,,,,,,,,,,,,,,,,,,,,,,,,,,,,,,,,,,,,,,,,,,,,,,,,,,,,,,,,,,,,,,,,,
,,,,,,,,,,,,,,,,,,,,,,,,,,,,,,,,,,,,,,,,,,,,,,,,,,,,,,,,,,,,,,,,,,,,,,,,,,,,,,,,,,,,,,,,,,,,,,,,,,,,,,,,,,,,,,,,,,,,,,,,,,,,,,,,,,,,,,,,,,,,,,,,,,,,,,,,,,,,,,,,,
78.647,CHAT_MESSAGE_FIRSTBLOOD,4,,8,4,,,,,,,,,,,,,,,,,,,,,,,,,,,,,,,,,,,,,,,,,,,,,,,,,,,,,,,,,,,,,,,,,,,,,,,,,,,,,,,,,,,,,,,,,,,,,,,,,,,,,,,,,,,,,,,,,,,,,,,,,,,,,,,,,,,,,,,,,,,,,,,,,,,,,,,,,,,,
44.189,CHAT_MESSAGE_FIRSTBLOOD,132,,1,9,472.551,CHAT_MESSAGE_TOWER_KILL,130,3,,7,,,,,,,,,,,,,,,,,,,,,,,,,,,,,,,,,,,,,,,,,,,,,,,,,,,,,,,,,,,,,,,,,,,,,,,,,,,,,,,,,,,,,,,,,,,,,,,,,,,,,,,,,,,,,,,,,,,,,,,,,,,,,,,,,,,,,,,,,,,,,,,,,,,,,,
20.562,CHAT_MESSAGE_FIRSTBLOOD,128,,3,5,,,,,,,,,,,,,,,,,,,,,,,,,,,,,,,,,,,,,,,,,,,,,,,,,,,,,,,,,,,,,,,,,,,,,,,,,,,,,,,,,,,,,,,,,,,,,,,,,,,,,,,,,,,,,,,,,,,,,,,,,,,,,,,,,,,,,,,,,,,,,,,,,,,,,,,,,,,,
183.822,CHAT_MESSAGE_FIRSTBLOOD,129,,0,6,571.594,CHAT_MESSAGE_TOWER_KILL,2,2,,2,659.972,CHAT_MESSAGE_TOWER_KILL,,3,,-1,684.699,CHAT_MESSAGE_TOWER_KILL,4,2,,4,780.276,CHAT_MESSAGE_TOWER_KILL,,2,,-1,820.066,CHAT_MESSAGE_TOWER_KILL,2,2,,2,831.597,CHAT_MESSAGE_TOWER_KILL,129,3,,6,887.383,CHAT_MESSAGE_TOWER_KILL,128,3,,5,,,,,,,,,,,,,,,,,,,,,,,,,,,,,,,,,,,,,,,,,,,,,,,,,,,,,,,,,,,,,,,,,,,,,,,,,,,,,,,,,,,,,,,,,,,,,,,,,,,,,,,,,,,,,,,,,,
9.964,CHAT_MESSAGE_FIRSTBLOOD,4,,7,4,879.019,CHAT_MESSAGE_TOWER_KILL,,3,,-1,919.675,CHAT_MESSAGE_TOWER_KILL,1,2,,1,978.128,CHAT_MESSAGE_TOWER_KILL,,2,,-1,1017.385,CHAT_MESSAGE_TOWER_KILL,,2,,-1,1033.114,CHAT_MESSAGE_TOWER_KILL,129,3,,6,1108.363,CHAT_MESSAGE_TOWER_KILL,131,3,,8,1331.841,CHAT_MESSAGE_TOWER_KILL,129,3,,6,1621.104,CHAT_MESSAGE_TOWER_KILL,,3,,-1,,,,,,,,,,,,,,,,,,,,,,,,,,,,,,,,,,,,,,,,,,,,,,,,,,,,,,,,,,,,,,,,,,,,,,,,,,,,,,,,,,,,,,,,,,,,,,,,,,,,,,,,,,,,
,,,,,,,,,,,,,,,,,,,,,,,,,,,,,,,,,,,,,,,,,,,,,,,,,,,,,,,,,,,,,,,,,,,,,,,,,,,,,,,,,,,,,,,,,,,,,,,,,,,,,,,,,,,,,,,,,,,,,,,,,,,,,,,,,,,,,,,,,,,,,,,,,,,,,,,,,,,,,,,,,
79.914,CHAT_MESSAGE_FIRSTBLOOD,132,,2,9,579.259,CHAT_MESSAGE_TOWER_KILL,132,3,,9,605.119,CHAT_MESSAGE_TOWER_KILL,1,2,,1,645.176,CHAT_MESSAGE_TOWER_KILL,,3,,-1,778.143,CHAT_MESSAGE_TOWER_KILL,132,3,,9,1143.987,CHAT_MESSAGE_TOWER_KILL,128,3,,5,,,,,,,,,,,,,,,,,,,,,,,,,,,,,,,,,,,,,,,,,,,,,,,,,,,,,,,,,,,,,,,,,,,,,,,,,,,,,,,,,,,,,,,,,,,,,,,,,,,,,,,,,,,,,,,,,,,,,,,,,,,,,,
107.689,CHAT_MESSAGE_FIRSTBLOOD,132,,2,9,658.088,CHAT_MESSAGE_TOWER_KILL,128,3,,5,,,,,,,,,,,,,,,,,,,,,,,,,,,,,,,,,,,,,,,,,,,,,,,,,,,,,,,,,,,,,,,,,,,,,,,,,,,,,,,,,,,,,,,,,,,,,,,,,,,,,,,,,,,,,,,,,,,,,,,,,,,,,,,,,,,,,,,,,,,,,,,,,,,,,,
33.24,CHAT_MESSAGE_FIRSTBLOOD,128,,0,5,608.707,CHAT_MESSAGE_TOWER_KILL,2,2,,2,,,,,,,,,,,,,,,,,,,,,,,,,,,,,,,,,,,,,,,,,,,,,,,,,,,,,,,,,,,,,,,,,,,,,,,,,,,,,,,,,,,,,,,,,,,,,,,,,,,,,,,,,,,,,,,,,,,,,,,,,,,,,,,,,,,,,,,,,,,,,,,,,,,,,,
,,,,,,,,,,,,,,,,,,,,,,,,,,,,,,,,,,,,,,,,,,,,,,,,,,,,,,,,,,,,,,,,,,,,,,,,,,,,,,,,,,,,,,,,,,,,,,,,,,,,,,,,,,,,,,,,,,,,,,,,,,,,,,,,,,,,,,,,,,,,,,,,,,,,,,,,,,,,,,,,,
257.719,CHAT_MESSAGE_FIRSTBLOOD,131,,2,8,560.645,CHAT_MESSAGE_TOWER_KILL,128,3,,5,810.717,CHAT_MESSAGE_TOWER_KILL,128,3,,5,1058.523,CHAT_MESSAGE_TOWER_KILL,128,3,,5,1091.982,CHAT_MESSAGE_TOWER_KILL,131,3,,8,1344.553,CHAT_MESSAGE_TOWER_KILL,,2,,-1,,,,,,,,,,,,,,,,,,,,,,,,,,,,,,,,,,,,,,,,,,,,,,,,,,,,,,,,,,,,,,,,,,,,,,,,,,,,,,,,,,,,,,,,,,,,,,,,,,,,,,,,,,,,,,,,,,,,,,,,,,,,,,
576.41,CHAT_MESSAGE_TOWER_KILL,,2,,-1,791.491,CHAT_MESSAGE_TOWER_KILL,,2,,-1,1187.728,CHAT_MESSAGE_TOWER_KILL,129,3,,6,1237.115,CHAT_MESSAGE_TOWER_KILL,4,2,,4,1366.95,CHAT_MESSAGE_TOWER_KILL,129,3,,6,1621.088,CHAT_MESSAGE_TOWER_KILL,,2,,-1,1655.347,CHAT_MESSAGE_TOWER_KILL,130,3,,7,1686.872,CHAT_MESSAGE_TOWER_KILL,132,3,,9,1751.123,CHAT_MESSAGE_TOWER_KILL,2,2,,2,1780.849,CHAT_MESSAGE_TOWER_KILL,4,2,,4,1927.636,CHAT_MESSAGE_TOWER_KILL,,3,,-1,2117.449,CHAT_MESSAGE_TOWER_KILL,129,3,,6,2156.047,CHAT_MESSAGE_TOWER_KILL,132,3,,9,2178.992,CHAT_MESSAGE_BARRACKS_KILL,,,512,,2326.829,CHAT_MESSAGE_TOWER_KILL,4,2,,4,2333.384,CHAT_MESSAGE_BARRACKS_KILL,,,2,,,,,,,,,,,,,,,,,,,,,,,,,,,,,,,,,,,,,,,,,,,,,,,,,,,,,,,,,,,,,,,,,,,
50.188,CHAT_MESSAGE_FIRSTBLOOD,0,,7,0,,,,,,,,,,,,,,,,,,,,,,,,,,,,,,,,,,,,,,,,,,,,,,,,,,,,,,,,,,,,,,,,,,,,,,,,,,,,,,,,,,,,,,,,,,,,,,,,,,,,,,,,,,,,,,,,,,,,,,,,,,,,,,,,,,,,,,,,,,,,,,,,,,,,,,,,,,,,
17.862,CHAT_MESSAGE_FIRSTBLOOD,131,,1,8,573.593,CHAT_MESSAGE_TOWER_KILL,2,2,,2,828.531,CHAT_MESSAGE_TOWER_KILL,131,3,,8,967.63,CHAT_MESSAGE_TOWER_KILL,2,2,,2,1010.353,CHAT_MESSAGE_TOWER_KILL,131,3,,8,1010.487,CHAT_MESSAGE_TOWER_KILL,,2,,-1,1186.577,CHAT_MESSAGE_TOWER_KILL,,2,,-1,1191.043,CHAT_MESSAGE_TOWER_KILL,131,3,,8,1281.42,CHAT_MESSAGE_ROSHAN_KILL,,2,,,1281.62,CHAT_MESSAGE_AEGIS,2,,,2,1382.196,CHAT_MESSAGE_TOWER_KILL,2,2,,2,1642.932,CHAT_MESSAGE_TOWER_KILL,,2,,-1,1914.377,CHAT_MESSAGE_TOWER_KILL,132,3,,9,2027.362,CHAT_MESSAGE_ROSHAN_KILL,,3,,,2028.767,CHAT_MESSAGE_AEGIS,131,,,8,2083.085,CHAT_MESSAGE_TOWER_KILL,2,2,,2,,,,,,,,,,,,,,,,,,,,,,,,,,,,,,,,,,,,,,,,,,,,,,,,,,,,,,,,,,,,,,,,,,
53.987,CHAT_MESSAGE_FIRSTBLOOD,0,,5,0,673.502,CHAT_MESSAGE_ROSHAN_KILL,,3,,,674.702,CHAT_MESSAGE_AEGIS,129,,,6,784.209,CHAT_MESSAGE_TOWER_DENY,132,60,,9,971.496,CHAT_MESSAGE_TOWER_KILL,,3,,-1,1168.048,CHAT_MESSAGE_TOWER_KILL,,3,,-1,1248.029,CHAT_MESSAGE_TOWER_KILL,,3,,-1,1379.363,CHAT_MESSAGE_ROSHAN_KILL,,3,,,1380.763,CHAT_MESSAGE_AEGIS,129,,,6,1498.467,CHAT_MESSAGE_TOWER_KILL,,3,,-1,1554.121,CHAT_MESSAGE_TOWER_KILL,129,3,,6,1601.509,CHAT_MESSAGE_TOWER_KILL,,2,,-1,1872.555,CHAT_MESSAGE_TOWER_KILL,,2,,-1,1881.72,CHAT_MESSAGE_TOWER_KILL,,2,,-1,2030.025,CHAT_MESSAGE_TOWER_KILL,132,3,,9,,,,,,,,,,,,,,,,,,,,,,,,,,,,,,,,,,,,,,,,,,,,,,,,,,,,,,,,,,,,,,,,,,,,,,,,
223.445,CHAT_MESSAGE_FIRSTBLOOD,130,,1,7,,,,,,,,,,,,,,,,,,,,,,,,,,,,,,,,,,,,,,,,,,,,,,,,,,,,,,,,,,,,,,,,,,,,,,,,,,,,,,,,,,,,,,,,,,,,,,,,,,,,,,,,,,,,,,,,,,,,,,,,,,,,,,,,,,,,,,,,,,,,,,,,,,,,,,,,,,,,
101.747,CHAT_MESSAGE_FIRSTBLOOD,2,,8,2,673.274,CHAT_MESSAGE_TOWER_KILL,132,3,,9,,,,,,,,,,,,,,,,,,,,,,,,,,,,,,,,,,,,,,,,,,,,,,,,,,,,,,,,,,,,,,,,,,,,,,,,,,,,,,,,,,,,,,,,,,,,,,,,,,,,,,,,,,,,,,,,,,,,,,,,,,,,,,,,,,,,,,,,,,,,,,,,,,,,,,
83.702,CHAT_MESSAGE_FIRSTBLOOD,130,,3,7,728.278,CHAT_MESSAGE_TOWER_KILL,1,2,,1,811.191,CHAT_MESSAGE_TOWER_KILL,132,3,,9,1070.261,CHAT_MESSAGE_TOWER_KILL,129,3,,6,1099.121,CHAT_MESSAGE_TOWER_KILL,3,2,,3,1150.642,CHAT_MESSAGE_TOWER_KILL,2,2,,2,1276.544,CHAT_MESSAGE_TOWER_KILL,,2,,-1,1458.367,CHAT_MESSAGE_TOWER_KILL,2,2,,2,1553.61,CHAT_MESSAGE_ROSHAN_KILL,,3,,,1554.543,CHAT_MESSAGE_AEGIS,132,,,9,1842.743,CHAT_MESSAGE_TOWER_KILL,,3,,-1,1861.273,CHAT_MESSAGE_TOWER_KILL,2,2,,2,1944.356,CHAT_MESSAGE_TOWER_KILL,3,2,,3,1948.235,CHAT_MESSAGE_BARRACKS_KILL,,,2,,1953.386,CHAT_MESSAGE_BARRACKS_KILL,,,1,,,,,,,,,,,,,,,,,,,,,,,,,,,,,,,,,,,,,,,,,,,,,,,,,,,,,,,,,,,,,,,,,,,,,,,,,
127.202,CHAT_MESSAGE_FIRSTBLOOD,131,,4,8,,,,,,,,,,,,,,,,,,,,,,,,,,,,,,,,,,,,,,,,,,,,,,,,,,,,,,,,,,,,,,,,,,,,,,,,,,,,,,,,,,,,,,,,,,,,,,,,,,,,,,,,,,,,,,,,,,,,,,,,,,,,,,,,,,,,,,,,,,,,,,,,,,,,,,,,,,,,
134.034,CHAT_MESSAGE_FIRSTBLOOD,2,,7,2,,,,,,,,,,,,,,,,,,,,,,,,,,,,,,,,,,,,,,,,,,,,,,,,,,,,,,,,,,,,,,,,,,,,,,,,,,,,,,,,,,,,,,,,,,,,,,,,,,,,,,,,,,,,,,,,,,,,,,,,,,,,,,,,,,,,,,,,,,,,,,,,,,,,,,,,,,,,
614.883,CHAT_MESSAGE_TOWER_DENY,131,60,,8,719.124,CHAT_MESSAGE_TOWER_KILL,,2,,-1,764.113,CHAT_MESSAGE_TOWER_KILL,2,2,,2,1059.041,CHAT_MESSAGE_TOWER_KILL,3,2,,3,1120.56,CHAT_MESSAGE_TOWER_KILL,131,3,,8,,,,,,,,,,,,,,,,,,,,,,,,,,,,,,,,,,,,,,,,,,,,,,,,,,,,,,,,,,,,,,,,,,,,,,,,,,,,,,,,,,,,,,,,,,,,,,,,,,,,,,,,,,,,,,,,,,,,,,,,,,,,,,,,,,,,
160.661,CHAT_MESSAGE_FIRSTBLOOD,0,,5,0,650.275,CHAT_MESSAGE_TOWER_KILL,130,3,,7,757.648,CHAT_MESSAGE_TOWER_KILL,,2,,-1,,,,,,,,,,,,,,,,,,,,,,,,,,,,,,,,,,,,,,,,,,,,,,,,,,,,,,,,,,,,,,,,,,,,,,,,,,,,,,,,,,,,,,,,,,,,,,,,,,,,,,,,,,,,,,,,,,,,,,,,,,,,,,,,,,,,,,,,,,,,,,,,
97.243,CHAT_MESSAGE_FIRSTBLOOD,130,,1,7,,,,,,,,,,,,,,,,,,,,,,,,,,,,,,,,,,,,,,,,,,,,,,,,,,,,,,,,,,,,,,,,,,,,,,,,,,,,,,,,,,,,,,,,,,,,,,,,,,,,,,,,,,,,,,,,,,,,,,,,,,,,,,,,,,,,,,,,,,,,,,,,,,,,,,,,,,,,
60.185,CHAT_MESSAGE_FIRSTBLOOD,0,,5,0,1057.542,CHAT_MESSAGE_TOWER_KILL,130,3,,7,1094.733,CHAT_MESSAGE_TOWER_KILL,2,2,,2,1429.518,CHAT_MESSAGE_TOWER_KILL,132,3,,9,1454.645,CHAT_MESSAGE_TOWER_KILL,,2,,-1,,,,,,,,,,,,,,,,,,,,,,,,,,,,,,,,,,,,,,,,,,,,,,,,,,,,,,,,,,,,,,,,,,,,,,,,,,,,,,,,,,,,,,,,,,,,,,,,,,,,,,,,,,,,,,,,,,,,,,,,,,,,,,,,,,,,
178.556,CHAT_MESSAGE_FIRSTBLOOD,2,,5,2,668.17,CHAT_MESSAGE_TOWER_KILL,,2,,-1,889.649,CHAT_MESSAGE_TOWER_DENY,130,60,,7,930.639,CHAT_MESSAGE_TOWER_KILL,132,3,,9,1050.077,CHAT_MESSAGE_TOWER_KILL,1,2,,1,1372.598,CHAT_MESSAGE_TOWER_KILL,0,2,,0,1557.42,CHAT_MESSAGE_ROSHAN_KILL,,2,,,1558.886,CHAT_MESSAGE_AEGIS,0,,,0,,,,,,,,,,,,,,,,,,,,,,,,,,,,,,,,,,,,,,,,,,,,,,,,,,,,,,,,,,,,,,,,,,,,,,,,,,,,,,,,,,,,,,,,,,,,,,,,,,,,,,,,,,,,,,,,,,
-2.466,CHAT_MESSAGE_FIRSTBLOOD,131,,4,8,891.916,CHAT_MESSAGE_TOWER_KILL,129,3,,6,,,,,,,,,,,,,,,,,,,,,,,,,,,,,,,,,,,,,,,,,,,,,,,,,,,,,,,,,,,,,,,,,,,,,,,,,,,,,,,,,,,,,,,,,,,,,,,,,,,,,,,,,,,,,,,,,,,,,,,,,,,,,,,,,,,,,,,,,,,,,,,,,,,,,,
43.556,CHAT_MESSAGE_FIRSTBLOOD,1,,7,1,900.58,CHAT_MESSAGE_TOWER_KILL,129,3,,6,975.162,CHAT_MESSAGE_TOWER_KILL,,2,,-1,1088.401,CHAT_MESSAGE_TOWER_DENY,129,60,,6,1093.733,CHAT_MESSAGE_TOWER_KILL,131,3,,8,1128.524,CHAT_MESSAGE_TOWER_KILL,,3,,-1,1280.954,CHAT_MESSAGE_TOWER_KILL,2,2,,2,1578.415,CHAT_MESSAGE_TOWER_KILL,129,3,,6,1771.945,CHAT_MESSAGE_ROSHAN_KILL,,2,,,1772.213,CHAT_MESSAGE_AEGIS,2,,,2,1956.307,CHAT_MESSAGE_TOWER_KILL,129,3,,6,1972.361,CHAT_MESSAGE_TOWER_KILL,,2,,-1,1977.178,CHAT_MESSAGE_TOWER_KILL,131,3,,8,1982.998,CHAT_MESSAGE_BARRACKS_KILL,,,256,,2108.759,CHAT_MESSAGE_TOWER_KILL,129,3,,6,2229.103,CHAT_MESSAGE_BARRACKS_KILL,,,512,,2300.88,CHAT_MESSAGE_TOWER_KILL,2,2,,2,2324.16,CHAT_MESSAGE_TOWER_KILL,2,2,,2,2368.31,CHAT_MESSAGE_BARRACKS_KILL,,,4,,2418.615,CHAT_MESSAGE_ROSHAN_KILL,,2,,,2419.284,CHAT_MESSAGE_AEGIS,2,,,2,2696.963,CHAT_MESSAGE_TOWER_KILL,128,3,,5,2700.709,CHAT_MESSAGE_TOWER_KILL,2,2,,2,2771.283,CHAT_MESSAGE_BARRACKS_KILL,,,1,,2775.765,CHAT_MESSAGE_BARRACKS_KILL,,,2,,2799.914,CHAT_MESSAGE_BARRACKS_KILL,,,8,,,,,,,
143.598,CHAT_MESSAGE_FIRSTBLOOD,131,,2,8,754.316,CHAT_MESSAGE_TOWER_KILL,4,2,,4,845.96,CHAT_MESSAGE_TOWER_KILL,,3,,-1,860.557,CHAT_MESSAGE_TOWER_KILL,1,2,,1,,,,,,,,,,,,,,,,,,,,,,,,,,,,,,,,,,,,,,,,,,,,,,,,,,,,,,,,,,,,,,,,,,,,,,,,,,,,,,,,,,,,,,,,,,,,,,,,,,,,,,,,,,,,,,,,,,,,,,,,,,,,,,,,,,,,,,,,,,
5.265,CHAT_MESSAGE_FIRSTBLOOD,3,,6,3,,,,,,,,,,,,,,,,,,,,,,,,,,,,,,,,,,,,,,,,,,,,,,,,,,,,,,,,,,,,,,,,,,,,,,,,,,,,,,,,,,,,,,,,,,,,,,,,,,,,,,,,,,,,,,,,,,,,,,,,,,,,,,,,,,,,,,,,,,,,,,,,,,,,,,,,,,,,
116.372,CHAT_MESSAGE_FIRSTBLOOD,0,,5,0,972.729,CHAT_MESSAGE_TOWER_KILL,128,3,,5,,,,,,,,,,,,,,,,,,,,,,,,,,,,,,,,,,,,,,,,,,,,,,,,,,,,,,,,,,,,,,,,,,,,,,,,,,,,,,,,,,,,,,,,,,,,,,,,,,,,,,,,,,,,,,,,,,,,,,,,,,,,,,,,,,,,,,,,,,,,,,,,,,,,,,
67.084,CHAT_MESSAGE_FIRSTBLOOD,0,,8,0,,,,,,,,,,,,,,,,,,,,,,,,,,,,,,,,,,,,,,,,,,,,,,,,,,,,,,,,,,,,,,,,,,,,,,,,,,,,,,,,,,,,,,,,,,,,,,,,,,,,,,,,,,,,,,,,,,,,,,,,,,,,,,,,,,,,,,,,,,,,,,,,,,,,,,,,,,,,
14.663,CHAT_MESSAGE_FIRSTBLOOD,128,,2,5,474.684,CHAT_MESSAGE_TOWER_KILL,,3,,-1,585.59,CHAT_MESSAGE_TOWER_KILL,131,3,,8,710.626,CHAT_MESSAGE_TOWER_KILL,129,3,,6,,,,,,,,,,,,,,,,,,,,,,,,,,,,,,,,,,,,,,,,,,,,,,,,,,,,,,,,,,,,,,,,,,,,,,,,,,,,,,,,,,,,,,,,,,,,,,,,,,,,,,,,,,,,,,,,,,,,,,,,,,,,,,,,,,,,,,,,,,
-2.866,CHAT_MESSAGE_FIRSTBLOOD,131,,3,8,904.246,CHAT_MESSAGE_TOWER_KILL,129,3,,6,970.63,CHAT_MESSAGE_TOWER_DENY,2,60,,2,1373.665,CHAT_MESSAGE_TOWER_KILL,132,3,,9,,,,,,,,,,,,,,,,,,,,,,,,,,,,,,,,,,,,,,,,,,,,,,,,,,,,,,,,,,,,,,,,,,,,,,,,,,,,,,,,,,,,,,,,,,,,,,,,,,,,,,,,,,,,,,,,,,,,,,,,,,,,,,,,,,,,,,,,,,
-8.565,CHAT_MESSAGE_FIRSTBLOOD,132,,4,9,,,,,,,,,,,,,,,,,,,,,,,,,,,,,,,,,,,,,,,,,,,,,,,,,,,,,,,,,,,,,,,,,,,,,,,,,,,,,,,,,,,,,,,,,,,,,,,,,,,,,,,,,,,,,,,,,,,,,,,,,,,,,,,,,,,,,,,,,,,,,,,,,,,,,,,,,,,,
146.331,CHAT_MESSAGE_FIRSTBLOOD,4,,6,4,,,,,,,,,,,,,,,,,,,,,,,,,,,,,,,,,,,,,,,,,,,,,,,,,,,,,,,,,,,,,,,,,,,,,,,,,,,,,,,,,,,,,,,,,,,,,,,,,,,,,,,,,,,,,,,,,,,,,,,,,,,,,,,,,,,,,,,,,,,,,,,,,,,,,,,,,,,,
69.745,CHAT_MESSAGE_FIRSTBLOOD,131,,2,8,761.776,CHAT_MESSAGE_TOWER_KILL,129,3,,6,,,,,,,,,,,,,,,,,,,,,,,,,,,,,,,,,,,,,,,,,,,,,,,,,,,,,,,,,,,,,,,,,,,,,,,,,,,,,,,,,,,,,,,,,,,,,,,,,,,,,,,,,,,,,,,,,,,,,,,,,,,,,,,,,,,,,,,,,,,,,,,,,,,,,,
,,,,,,,,,,,,,,,,,,,,,,,,,,,,,,,,,,,,,,,,,,,,,,,,,,,,,,,,,,,,,,,,,,,,,,,,,,,,,,,,,,,,,,,,,,,,,,,,,,,,,,,,,,,,,,,,,,,,,,,,,,,,,,,,,,,,,,,,,,,,,,,,,,,,,,,,,,,,,,,,,
16.629,CHAT_MESSAGE_FIRSTBLOOD,2,,8,2,678.668,CHAT_MESSAGE_TOWER_KILL,129,3,,6,731.122,CHAT_MESSAGE_TOWER_KILL,130,3,,7,,,,,,,,,,,,,,,,,,,,,,,,,,,,,,,,,,,,,,,,,,,,,,,,,,,,,,,,,,,,,,,,,,,,,,,,,,,,,,,,,,,,,,,,,,,,,,,,,,,,,,,,,,,,,,,,,,,,,,,,,,,,,,,,,,,,,,,,,,,,,,,,
2.933,CHAT_MESSAGE_FIRSTBLOOD,2,,9,2,,,,,,,,,,,,,,,,,,,,,,,,,,,,,,,,,,,,,,,,,,,,,,,,,,,,,,,,,,,,,,,,,,,,,,,,,,,,,,,,,,,,,,,,,,,,,,,,,,,,,,,,,,,,,,,,,,,,,,,,,,,,,,,,,,,,,,,,,,,,,,,,,,,,,,,,,,,,
78.117,CHAT_MESSAGE_FIRSTBLOOD,4,,6,4,334.193,CHAT_MESSAGE_TOWER_KILL,,3,,-1,429.97,CHAT_MESSAGE_TOWER_KILL,,3,,-1,559.405,CHAT_MESSAGE_TOWER_DENY,4,60,,4,611.126,CHAT_MESSAGE_TOWER_KILL,129,3,,6,689.44,CHAT_MESSAGE_TOWER_KILL,4,2,,4,863.931,CHAT_MESSAGE_TOWER_KILL,129,3,,6,,,,,,,,,,,,,,,,,,,,,,,,,,,,,,,,,,,,,,,,,,,,,,,,,,,,,,,,,,,,,,,,,,,,,,,,,,,,,,,,,,,,,,,,,,,,,,,,,,,,,,,,,,,,,,,,,,,,,,,,
13.13,CHAT_MESSAGE_FIRSTBLOOD,129,,1,6,943.836,CHAT_MESSAGE_TOWER_KILL,3,2,,3,,,,,,,,,,,,,,,,,,,,,,,,,,,,,,,,,,,,,,,,,,,,,,,,,,,,,,,,,,,,,,,,,,,,,,,,,,,,,,,,,,,,,,,,,,,,,,,,,,,,,,,,,,,,,,,,,,,,,,,,,,,,,,,,,,,,,,,,,,,,,,,,,,,,,,
129.868,CHAT_MESSAGE_FIRSTBLOOD,0,,9,0,468.186,CHAT_MESSAGE_TOWER_KILL,4,2,,4,678.001,CHAT_MESSAGE_TOWER_KILL,4,2,,4,710.393,CHAT_MESSAGE_TOWER_KILL,,2,,-1,783.109,CHAT_MESSAGE_TOWER_KILL,3,2,,3,825.099,CHAT_MESSAGE_TOWER_KILL,3,2,,3,,,,,,,,,,,,,,,,,,,,,,,,,,,,,,,,,,,,,,,,,,,,,,,,,,,,,,,,,,,,,,,,,,,,,,,,,,,,,,,,,,,,,,,,,,,,,,,,,,,,,,,,,,,,,,,,,,,,,,,,,,,,,,
119.004,CHAT_MESSAGE_FIRSTBLOOD,2,,9,2,,,,,,,,,,,,,,,,,,,,,,,,,,,,,,,,,,,,,,,,,,,,,,,,,,,,,,,,,,,,,,,,,,,,,,,,,,,,,,,,,,,,,,,,,,,,,,,,,,,,,,,,,,,,,,,,,,,,,,,,,,,,,,,,,,,,,,,,,,,,,,,,,,,,,,,,,,,,
15.196,CHAT_MESSAGE_FIRSTBLOOD,2,,9,2,694.997,CHAT_MESSAGE_TOWER_KILL,3,2,,3,1029.249,CHAT_MESSAGE_TOWER_KILL,3,2,,3,1089.301,CHAT_MESSAGE_TOWER_KILL,1,2,,1,1126.892,CHAT_MESSAGE_TOWER_KILL,129,3,,6,1262.925,CHAT_MESSAGE_TOWER_KILL,0,2,,0,1351.17,CHAT_MESSAGE_ROSHAN_KILL,,3,,,1356.036,CHAT_MESSAGE_AEGIS,128,,,5,1438.215,CHAT_MESSAGE_TOWER_KILL,,2,,-1,,,,,,,,,,,,,,,,,,,,,,,,,,,,,,,,,,,,,,,,,,,,,,,,,,,,,,,,,,,,,,,,,,,,,,,,,,,,,,,,,,,,,,,,,,,,,,,,,,,,,,,,,,,,
62.185,CHAT_MESSAGE_FIRSTBLOOD,2,,9,2,,,,,,,,,,,,,,,,,,,,,,,,,,,,,,,,,,,,,,,,,,,,,,,,,,,,,,,,,,,,,,,,,,,,,,,,,,,,,,,,,,,,,,,,,,,,,,,,,,,,,,,,,,,,,,,,,,,,,,,,,,,,,,,,,,,,,,,,,,,,,,,,,,,,,,,,,,,,
73.349,CHAT_MESSAGE_FIRSTBLOOD,0,,5,0,,,,,,,,,,,,,,,,,,,,,,,,,,,,,,,,,,,,,,,,,,,,,,,,,,,,,,,,,,,,,,,,,,,,,,,,,,,,,,,,,,,,,,,,,,,,,,,,,,,,,,,,,,,,,,,,,,,,,,,,,,,,,,,,,,,,,,,,,,,,,,,,,,,,,,,,,,,,
211.282,CHAT_MESSAGE_FIRSTBLOOD,2,,8,2,578.659,CHAT_MESSAGE_TOWER_KILL,2,2,,2,,,,,,,,,,,,,,,,,,,,,,,,,,,,,,,,,,,,,,,,,,,,,,,,,,,,,,,,,,,,,,,,,,,,,,,,,,,,,,,,,,,,,,,,,,,,,,,,,,,,,,,,,,,,,,,,,,,,,,,,,,,,,,,,,,,,,,,,,,,,,,,,,,,,,,
162.713,CHAT_MESSAGE_FIRSTBLOOD,3,,8,3,697.849,CHAT_MESSAGE_TOWER_KILL,2,2,,2,716.178,CHAT_MESSAGE_TOWER_KILL,130,3,,7,875.339,CHAT_MESSAGE_TOWER_KILL,130,3,,7,1590.065,CHAT_MESSAGE_TOWER_KILL,,2,,-1,1851.193,CHAT_MESSAGE_TOWER_KILL,131,3,,8,1899.223,CHAT_MESSAGE_TOWER_KILL,,3,,-1,,,,,,,,,,,,,,,,,,,,,,,,,,,,,,,,,,,,,,,,,,,,,,,,,,,,,,,,,,,,,,,,,,,,,,,,,,,,,,,,,,,,,,,,,,,,,,,,,,,,,,,,,,,,,,,,,,,,,,,,
9.798,CHAT_MESSAGE_FIRSTBLOOD,130,,3,7,1018.018,CHAT_MESSAGE_TOWER_KILL,,2,,-1,1061.208,CHAT_MESSAGE_TOWER_DENY,0,60,,0,1108.129,CHAT_MESSAGE_TOWER_KILL,132,3,,9,1283.553,CHAT_MESSAGE_TOWER_DENY,129,60,,6,1306.348,CHAT_MESSAGE_TOWER_KILL,,3,,-1,1466.909,CHAT_MESSAGE_TOWER_KILL,3,2,,3,1970.674,CHAT_MESSAGE_TOWER_KILL,4,2,,4,2344.413,CHAT_MESSAGE_TOWER_KILL,128,3,,5,2446.428,CHAT_MESSAGE_ROSHAN_KILL,,3,,,2447.966,CHAT_MESSAGE_AEGIS,129,,,6,2486.899,CHAT_MESSAGE_TOWER_KILL,130,3,,7,2519.142,CHAT_MESSAGE_BARRACKS_KILL,,,512,,2529.578,CHAT_MESSAGE_BARRACKS_KILL,,,256,,2572.122,CHAT_MESSAGE_TOWER_KILL,128,3,,5,2679.488,CHAT_MESSAGE_TOWER_DENY,0,100,,0,,,,,,,,,,,,,,,,,,,,,,,,,,,,,,,,,,,,,,,,,,,,,,,,,,,,,,,,,,,,,,,,,,
192.62,CHAT_MESSAGE_FIRSTBLOOD,129,,0,6,973.096,CHAT_MESSAGE_TOWER_KILL,2,2,,2,1002.022,CHAT_MESSAGE_TOWER_DENY,4,60,,4,1040.279,CHAT_MESSAGE_TOWER_KILL,129,3,,6,1140.055,CHAT_MESSAGE_TOWER_KILL,4,2,,4,1266.891,CHAT_MESSAGE_TOWER_KILL,2,2,,2,1296.284,CHAT_MESSAGE_TOWER_KILL,3,2,,3,1612.406,CHAT_MESSAGE_TOWER_KILL,0,2,,0,1663.66,CHAT_MESSAGE_ROSHAN_KILL,,2,,,1663.927,CHAT_MESSAGE_AEGIS,0,,,0,1667.459,CHAT_MESSAGE_TOWER_KILL,129,3,,6,1705.301,CHAT_MESSAGE_TOWER_KILL,,2,,-1,1722.56,CHAT_MESSAGE_TOWER_KILL,129,3,,6,1731.39,CHAT_MESSAGE_TOWER_KILL,2,2,,2,1760.957,CHAT_MESSAGE_BARRACKS_KILL,,,16,,1766.911,CHAT_MESSAGE_BARRACKS_KILL,,,32,,1920.768,CHAT_MESSAGE_TOWER_KILL,2,2,,2,2346.318,CHAT_MESSAGE_ROSHAN_KILL,,2,,,2347.054,CHAT_MESSAGE_AEGIS,0,,,0,2380.902,CHAT_MESSAGE_TOWER_KILL,2,2,,2,2448.8,CHAT_MESSAGE_BARRACKS_KILL,,,4,,2462.714,CHAT_MESSAGE_BARRACKS_KILL,,,8,,,,,,,,,,,,,,,,,,,,,,,,,,,,,,,
29.559,CHAT_MESSAGE_FIRSTBLOOD,128,,2,5,,,,,,,,,,,,,,,,,,,,,,,,,,,,,,,,,,,,,,,,,,,,,,,,,,,,,,,,,,,,,,,,,,,,,,,,,,,,,,,,,,,,,,,,,,,,,,,,,,,,,,,,,,,,,,,,,,,,,,,,,,,,,,,,,,,,,,,,,,,,,,,,,,,,,,,,,,,,
107.507,CHAT_MESSAGE_FIRSTBLOOD,0,,9,0,959.199,CHAT_MESSAGE_TOWER_KILL,131,3,,8,1205.739,CHAT_MESSAGE_TOWER_KILL,,3,,-1,1371.232,CHAT_MESSAGE_TOWER_KILL,,3,,-1,,,,,,,,,,,,,,,,,,,,,,,,,,,,,,,,,,,,,,,,,,,,,,,,,,,,,,,,,,,,,,,,,,,,,,,,,,,,,,,,,,,,,,,,,,,,,,,,,,,,,,,,,,,,,,,,,,,,,,,,,,,,,,,,,,,,,,,,,,
107.907,CHAT_MESSAGE_FIRSTBLOOD,128,,1,5,,,,,,,,,,,,,,,,,,,,,,,,,,,,,,,,,,,,,,,,,,,,,,,,,,,,,,,,,,,,,,,,,,,,,,,,,,,,,,,,,,,,,,,,,,,,,,,,,,,,,,,,,,,,,,,,,,,,,,,,,,,,,,,,,,,,,,,,,,,,,,,,,,,,,,,,,,,,
0.933,CHAT_MESSAGE_FIRSTBLOOD,4,,7,4,,,,,,,,,,,,,,,,,,,,,,,,,,,,,,,,,,,,,,,,,,,,,,,,,,,,,,,,,,,,,,,,,,,,,,,,,,,,,,,,,,,,,,,,,,,,,,,,,,,,,,,,,,,,,,,,,,,,,,,,,,,,,,,,,,,,,,,,,,,,,,,,,,,,,,,,,,,,
71.383,CHAT_MESSAGE_FIRSTBLOOD,3,,9,3,888.316,CHAT_MESSAGE_TOWER_KILL,,3,,-1,1002.555,CHAT_MESSAGE_TOWER_KILL,,2,,-1,1184.178,CHAT_MESSAGE_TOWER_KILL,130,3,,7,1292.284,CHAT_MESSAGE_TOWER_KILL,128,3,,5,1400.325,CHAT_MESSAGE_TOWER_KILL,,3,,-1,1417.321,CHAT_MESSAGE_TOWER_KILL,3,2,,3,1447.28,CHAT_MESSAGE_TOWER_KILL,130,3,,7,1523.661,CHAT_MESSAGE_TOWER_KILL,130,3,,7,1579.448,CHAT_MESSAGE_TOWER_KILL,130,3,,7,1594.644,CHAT_MESSAGE_BARRACKS_KILL,,,1024,,1659.561,CHAT_MESSAGE_TOWER_KILL,4,2,,4,1726.885,CHAT_MESSAGE_ROSHAN_KILL,,3,,,1728.223,CHAT_MESSAGE_AEGIS,130,,,7,1786.756,CHAT_MESSAGE_TOWER_KILL,128,3,,5,1798.328,CHAT_MESSAGE_TOWER_KILL,3,2,,3,1803.546,CHAT_MESSAGE_BARRACKS_KILL,,,256,,1810.102,CHAT_MESSAGE_BARRACKS_KILL,,,512,,1845.288,CHAT_MESSAGE_BARRACKS_KILL,,,2048,,,,,,,,,,,,,,,,,,,,,,,,,,,,,,,,,,,,,,,,,,,,,,,,,
,,,,,,,,,,,,,,,,,,,,,,,,,,,,,,,,,,,,,,,,,,,,,,,,,,,,,,,,,,,,,,,,,,,,,,,,,,,,,,,,,,,,,,,,,,,,,,,,,,,,,,,,,,,,,,,,,,,,,,,,,,,,,,,,,,,,,,,,,,,,,,,,,,,,,,,,,,,,,,,,,
164.06,CHAT_MESSAGE_FIRSTBLOOD,1,,5,1,720.791,CHAT_MESSAGE_TOWER_KILL,4,2,,4,996.657,CHAT_MESSAGE_TOWER_KILL,4,2,,4,1113.628,CHAT_MESSAGE_TOWER_KILL,2,2,,2,1241.53,CHAT_MESSAGE_TOWER_KILL,128,3,,5,1322.244,CHAT_MESSAGE_TOWER_KILL,1,2,,1,1331.841,CHAT_MESSAGE_TOWER_KILL,128,3,,5,1426.085,CHAT_MESSAGE_TOWER_KILL,,2,,-1,1774.781,CHAT_MESSAGE_TOWER_KILL,130,3,,7,1859.536,CHAT_MESSAGE_TOWER_DENY,4,60,,4,1936.131,CHAT_MESSAGE_TOWER_KILL,128,3,,5,1961.015,CHAT_MESSAGE_TOWER_KILL,130,3,,7,1971.183,CHAT_MESSAGE_BARRACKS_KILL,,,512,,1973.525,CHAT_MESSAGE_BARRACKS_KILL,,,256,,2030.653,CHAT_MESSAGE_ROSHAN_KILL,,2,,,2030.786,CHAT_MESSAGE_AEGIS,4,,,4,,,,,,,,,,,,,,,,,,,,,,,,,,,,,,,,,,,,,,,,,,,,,,,,,,,,,,,,,,,,,,,,,,
9.135,CHAT_MESSAGE_FIRSTBLOOD,130,,4,7,345.419,CHAT_MESSAGE_TOWER_KILL,1,2,,1,358.283,CHAT_MESSAGE_TOWER_KILL,,3,,-1,475.121,CHAT_MESSAGE_TOWER_DENY,128,60,,5,476.321,CHAT_MESSAGE_TOWER_KILL,1,2,,1,,,,,,,,,,,,,,,,,,,,,,,,,,,,,,,,,,,,,,,,,,,,,,,,,,,,,,,,,,,,,,,,,,,,,,,,,,,,,,,,,,,,,,,,,,,,,,,,,,,,,,,,,,,,,,,,,,,,,,,,,,,,,,,,,,,,
123.47,CHAT_MESSAGE_FIRSTBLOOD,1,,9,1,576.026,CHAT_MESSAGE_TOWER_KILL,129,3,,6,,,,,,,,,,,,,,,,,,,,,,,,,,,,,,,,,,,,,,,,,,,,,,,,,,,,,,,,,,,,,,,,,,,,,,,,,,,,,,,,,,,,,,,,,,,,,,,,,,,,,,,,,,,,,,,,,,,,,,,,,,,,,,,,,,,,,,,,,,,,,,,,,,,,,,
104.308,CHAT_MESSAGE_FIRSTBLOOD,130,,2,7,778.81,CHAT_MESSAGE_TOWER_KILL,,3,,-1,785.941,CHAT_MESSAGE_TOWER_KILL,0,2,,0,1178.646,CHAT_MESSAGE_TOWER_KILL,131,3,,8,1302.882,CHAT_MESSAGE_TOWER_KILL,,3,,-1,1306.081,CHAT_MESSAGE_TOWER_KILL,,2,,-1,1332.741,CHAT_MESSAGE_TOWER_DENY,131,60,,8,1335.007,CHAT_MESSAGE_TOWER_KILL,130,3,,7,,,,,,,,,,,,,,,,,,,,,,,,,,,,,,,,,,,,,,,,,,,,,,,,,,,,,,,,,,,,,,,,,,,,,,,,,,,,,,,,,,,,,,,,,,,,,,,,,,,,,,,,,,,,,,,,,,
163.693,CHAT_MESSAGE_FIRSTBLOOD,2,,9,2,857.257,CHAT_MESSAGE_TOWER_KILL,4,2,,4,911.911,CHAT_MESSAGE_TOWER_KILL,1,2,,1,1044.612,CHAT_MESSAGE_TOWER_DENY,2,60,,2,1151.585,CHAT_MESSAGE_TOWER_KILL,,2,,-1,1194.242,CHAT_MESSAGE_TOWER_KILL,128,3,,5,,,,,,,,,,,,,,,,,,,,,,,,,,,,,,,,,,,,,,,,,,,,,,,,,,,,,,,,,,,,,,,,,,,,,,,,,,,,,,,,,,,,,,,,,,,,,,,,,,,,,,,,,,,,,,,,,,,,,,,,,,,,,,
276.033,CHAT_MESSAGE_FIRSTBLOOD,3,,6,3,819.833,CHAT_MESSAGE_TOWER_KILL,128,3,,5,1024.05,CHAT_MESSAGE_TOWER_KILL,,3,,-1,1077.704,CHAT_MESSAGE_TOWER_KILL,4,2,,4,1124.625,CHAT_MESSAGE_TOWER_KILL,129,3,,6,1131.89,CHAT_MESSAGE_TOWER_KILL,1,2,,1,1510.931,CHAT_MESSAGE_TOWER_DENY,128,60,,5,,,,,,,,,,,,,,,,,,,,,,,,,,,,,,,,,,,,,,,,,,,,,,,,,,,,,,,,,,,,,,,,,,,,,,,,,,,,,,,,,,,,,,,,,,,,,,,,,,,,,,,,,,,,,,,,,,,,,,,,
75.248,CHAT_MESSAGE_FIRSTBLOOD,0,,8,0,,,,,,,,,,,,,,,,,,,,,,,,,,,,,,,,,,,,,,,,,,,,,,,,,,,,,,,,,,,,,,,,,,,,,,,,,,,,,,,,,,,,,,,,,,,,,,,,,,,,,,,,,,,,,,,,,,,,,,,,,,,,,,,,,,,,,,,,,,,,,,,,,,,,,,,,,,,,
81.713,CHAT_MESSAGE_FIRSTBLOOD,0,,6,0,554.598,CHAT_MESSAGE_TOWER_KILL,1,2,,1,572.927,CHAT_MESSAGE_TOWER_KILL,4,2,,4,681.7,CHAT_MESSAGE_TOWER_KILL,,2,,-1,982.294,CHAT_MESSAGE_TOWER_KILL,,3,,-1,999.556,CHAT_MESSAGE_TOWER_KILL,3,2,,3,1249.828,CHAT_MESSAGE_TOWER_KILL,128,3,,5,1374.731,CHAT_MESSAGE_TOWER_DENY,128,100,,5,1628.469,CHAT_MESSAGE_TOWER_KILL,0,2,,0,1708.22,CHAT_MESSAGE_TOWER_KILL,129,3,,6,1854.719,CHAT_MESSAGE_TOWER_KILL,,2,,-1,1986.167,CHAT_MESSAGE_BARRACKS_KILL,,,4,,1993.859,CHAT_MESSAGE_BARRACKS_KILL,,,8,,2011.921,CHAT_MESSAGE_TOWER_KILL,3,2,,3,2014.329,CHAT_MESSAGE_TOWER_KILL,132,3,,9,2022.49,CHAT_MESSAGE_BARRACKS_KILL,,,2,,2038.144,CHAT_MESSAGE_TOWER_KILL,132,3,,9,2172.401,CHAT_MESSAGE_ROSHAN_KILL,,2,,,2173.672,CHAT_MESSAGE_AEGIS,2,,,2,2265.719,CHAT_MESSAGE_TOWER_KILL,129,3,,6,2278.696,CHAT_MESSAGE_TOWER_KILL,,3,,-1,2286.389,CHAT_MESSAGE_BARRACKS_KILL,,,1024,,2290.336,CHAT_MESSAGE_BARRACKS_KILL,,,2048,,2511.021,CHAT_MESSAGE_BARRACKS_KILL,,,64,,2512.693,CHAT_MESSAGE_BARRACKS_KILL,,,128,,,,,,,,,,,,,
47.288,CHAT_MESSAGE_FIRSTBLOOD,128,,1,5,,,,,,,,,,,,,,,,,,,,,,,,,,,,,,,,,,,,,,,,,,,,,,,,,,,,,,,,,,,,,,,,,,,,,,,,,,,,,,,,,,,,,,,,,,,,,,,,,,,,,,,,,,,,,,,,,,,,,,,,,,,,,,,,,,,,,,,,,,,,,,,,,,,,,,,,,,,,
132.54,CHAT_MESSAGE_FIRSTBLOOD,0,,5,0,470.058,CHAT_MESSAGE_TOWER_KILL,,3,,-1,523.578,CHAT_MESSAGE_TOWER_KILL,2,2,,2,553.637,CHAT_MESSAGE_TOWER_KILL,,2,,-1,598.36,CHAT_MESSAGE_TOWER_KILL,2,2,,2,708.266,CHAT_MESSAGE_TOWER_KILL,,2,,-1,753.255,CHAT_MESSAGE_TOWER_KILL,0,2,,0,875.959,CHAT_MESSAGE_ROSHAN_KILL,,2,,,876.225,CHAT_MESSAGE_AEGIS,2,,,2,953.34,CHAT_MESSAGE_TOWER_KILL,,2,,-1,,,,,,,,,,,,,,,,,,,,,,,,,,,,,,,,,,,,,,,,,,,,,,,,,,,,,,,,,,,,,,,,,,,,,,,,,,,,,,,,,,,,,,,,,,,,,,,,,,,,,,
-17.229,CHAT_MESSAGE_FIRSTBLOOD,130,,0,7,563.762,CHAT_MESSAGE_TOWER_KILL,129,3,,6,884.117,CHAT_MESSAGE_TOWER_KILL,128,3,,5,958.033,CHAT_MESSAGE_TOWER_KILL,,2,,-1,960.032,CHAT_MESSAGE_TOWER_KILL,,3,,-1,1185.91,CHAT_MESSAGE_TOWER_KILL,130,3,,7,,,,,,,,,,,,,,,,,,,,,,,,,,,,,,,,,,,,,,,,,,,,,,,,,,,,,,,,,,,,,,,,,,,,,,,,,,,,,,,,,,,,,,,,,,,,,,,,,,,,,,,,,,,,,,,,,,,,,,,,,,,,,,
-30.093,CHAT_MESSAGE_FIRSTBLOOD,3,,8,3,847.493,CHAT_MESSAGE_TOWER_KILL,132,3,,9,1106.03,CHAT_MESSAGE_TOWER_KILL,1,2,,1,1281.587,CHAT_MESSAGE_TOWER_KILL,128,3,,5,1302.849,CHAT_MESSAGE_TOWER_KILL,1,2,,1,1310.18,CHAT_MESSAGE_TOWER_KILL,132,3,,9,1459.01,CHAT_MESSAGE_ROSHAN_KILL,,2,,,1459.277,CHAT_MESSAGE_AEGIS,4,,,4,1468.608,CHAT_MESSAGE_TOWER_KILL,132,3,,9,1565.451,CHAT_MESSAGE_TOWER_KILL,132,3,,9,1651.763,CHAT_MESSAGE_TOWER_KILL,132,3,,9,1694.741,CHAT_MESSAGE_TOWER_KILL,132,3,,9,,,,,,,,,,,,,,,,,,,,,,,,,,,,,,,,,,,,,,,,,,,,,,,,,,,,,,,,,,,,,,,,,,,,,,,,,,,,,,,,,,,,,,,,,,
55.586,CHAT_MESSAGE_FIRSTBLOOD,0,,6,0,791.74,CHAT_MESSAGE_TOWER_KILL,,2,,-1,849.059,CHAT_MESSAGE_TOWER_KILL,131,3,,8,913.51,CHAT_MESSAGE_TOWER_KILL,,3,,-1,,,,,,,,,,,,,,,,,,,,,,,,,,,,,,,,,,,,,,,,,,,,,,,,,,,,,,,,,,,,,,,,,,,,,,,,,,,,,,,,,,,,,,,,,,,,,,,,,,,,,,,,,,,,,,,,,,,,,,,,,,,,,,,,,,,,,,,,,,
15.396,CHAT_MESSAGE_FIRSTBLOOD,1,,8,1,,,,,,,,,,,,,,,,,,,,,,,,,,,,,,,,,,,,,,,,,,,,,,,,,,,,,,,,,,,,,,,,,,,,,,,,,,,,,,,,,,,,,,,,,,,,,,,,,,,,,,,,,,,,,,,,,,,,,,,,,,,,,,,,,,,,,,,,,,,,,,,,,,,,,,,,,,,,
104.541,CHAT_MESSAGE_FIRSTBLOOD,129,,3,6,935.005,CHAT_MESSAGE_TOWER_KILL,,3,,-1,982.527,CHAT_MESSAGE_TOWER_KILL,,3,,-1,1056.775,CHAT_MESSAGE_TOWER_KILL,,3,,-1,1320.578,CHAT_MESSAGE_TOWER_DENY,129,60,,6,1514.197,CHAT_MESSAGE_TOWER_KILL,132,3,,9,,,,,,,,,,,,,,,,,,,,,,,,,,,,,,,,,,,,,,,,,,,,,,,,,,,,,,,,,,,,,,,,,,,,,,,,,,,,,,,,,,,,,,,,,,,,,,,,,,,,,,,,,,,,,,,,,,,,,,,,,,,,,,
27.46,CHAT_MESSAGE_FIRSTBLOOD,3,,5,3,,,,,,,,,,,,,,,,,,,,,,,,,,,,,,,,,,,,,,,,,,,,,,,,,,,,,,,,,,,,,,,,,,,,,,,,,,,,,,,,,,,,,,,,,,,,,,,,,,,,,,,,,,,,,,,,,,,,,,,,,,,,,,,,,,,,,,,,,,,,,,,,,,,,,,,,,,,,
47.722,CHAT_MESSAGE_FIRSTBLOOD,3,,6,3,786.541,CHAT_MESSAGE_TOWER_KILL,0,2,,0,951.768,CHAT_MESSAGE_TOWER_KILL,131,3,,8,1014.086,CHAT_MESSAGE_TOWER_KILL,,2,,-1,1143.454,CHAT_MESSAGE_TOWER_KILL,130,3,,7,1206.239,CHAT_MESSAGE_TOWER_KILL,130,3,,7,1213.704,CHAT_MESSAGE_TOWER_KILL,1,2,,1,1244.429,CHAT_MESSAGE_TOWER_KILL,,3,,-1,1377.464,CHAT_MESSAGE_ROSHAN_KILL,,3,,,1378.13,CHAT_MESSAGE_AEGIS,131,,,8,1501.433,CHAT_MESSAGE_TOWER_DENY,128,100,,5,1739.088,CHAT_MESSAGE_TOWER_KILL,131,3,,8,1993.02,CHAT_MESSAGE_ROSHAN_KILL,,2,,,1993.689,CHAT_MESSAGE_AEGIS,1,,,1,2097.241,CHAT_MESSAGE_TOWER_KILL,1,2,,1,,,,,,,,,,,,,,,,,,,,,,,,,,,,,,,,,,,,,,,,,,,,,,,,,,,,,,,,,,,,,,,,,,,,,,,,
-1.433,CHAT_MESSAGE_FIRSTBLOOD,130,,2,7,772.045,CHAT_MESSAGE_TOWER_KILL,129,3,,6,969.663,CHAT_MESSAGE_TOWER_KILL,128,3,,5,970.33,CHAT_MESSAGE_TOWER_KILL,,2,,-1,1027.049,CHAT_MESSAGE_TOWER_KILL,132,3,,9,1672.692,CHAT_MESSAGE_TOWER_KILL,,2,,-1,1689.021,CHAT_MESSAGE_TOWER_KILL,132,3,,9,1787.169,CHAT_MESSAGE_TOWER_KILL,3,2,,3,1906.274,CHAT_MESSAGE_ROSHAN_KILL,,3,,,1908.281,CHAT_MESSAGE_AEGIS,132,,,9,1986.548,CHAT_MESSAGE_TOWER_KILL,,2,,-1,2159.938,CHAT_MESSAGE_TOWER_DENY,4,100,,4,2290.583,CHAT_MESSAGE_TOWER_KILL,132,3,,9,,,,,,,,,,,,,,,,,,,,,,,,,,,,,,,,,,,,,,,,,,,,,,,,,,,,,,,,,,,,,,,,,,,,,,,,,,,,,,,,,,,,
105.008,CHAT_MESSAGE_FIRSTBLOOD,129,,0,6,569.228,CHAT_MESSAGE_TOWER_KILL,2,2,,2,794.906,CHAT_MESSAGE_TOWER_KILL,,3,,-1,943.203,CHAT_MESSAGE_TOWER_KILL,128,3,,5,955.667,CHAT_MESSAGE_TOWER_KILL,,2,,-1,1126.225,CHAT_MESSAGE_TOWER_KILL,,2,,-1,1295.717,CHAT_MESSAGE_TOWER_KILL,130,3,,7,1575.049,CHAT_MESSAGE_TOWER_KILL,4,2,,4,1687.288,CHAT_MESSAGE_TOWER_KILL,131,3,,8,1878.996,CHAT_MESSAGE_TOWER_KILL,2,2,,2,,,,,,,,,,,,,,,,,,,,,,,,,,,,,,,,,,,,,,,,,,,,,,,,,,,,,,,,,,,,,,,,,,,,,,,,,,,,,,,,,,,,,,,,,,,,,,,,,,,,,,
-21.695,CHAT_MESSAGE_FIRSTBLOOD,128,,2,5,532.837,CHAT_MESSAGE_TOWER_KILL,0,2,,0,544.367,CHAT_MESSAGE_TOWER_KILL,3,2,,3,611.684,CHAT_MESSAGE_TOWER_DENY,2,60,,2,,,,,,,,,,,,,,,,,,,,,,,,,,,,,,,,,,,,,,,,,,,,,,,,,,,,,,,,,,,,,,,,,,,,,,,,,,,,,,,,,,,,,,,,,,,,,,,,,,,,,,,,,,,,,,,,,,,,,,,,,,,,,,,,,,,,,,,,,,
74.236,CHAT_MESSAGE_FIRSTBLOOD,130,,4,7,513.528,CHAT_MESSAGE_TOWER_KILL,3,2,,3,621.635,CHAT_MESSAGE_TOWER_KILL,128,3,,5,641.83,CHAT_MESSAGE_TOWER_KILL,,3,,-1,690.019,CHAT_MESSAGE_TOWER_KILL,2,2,,2,854.645,CHAT_MESSAGE_TOWER_KILL,,2,,-1,1163.97,CHAT_MESSAGE_TOWER_KILL,,3,,-1,1183.165,CHAT_MESSAGE_ROSHAN_KILL,,3,,,1183.432,CHAT_MESSAGE_AEGIS,128,,,5,1457.631,CHAT_MESSAGE_TOWER_KILL,132,3,,9,1474.161,CHAT_MESSAGE_TOWER_KILL,128,3,,5,1538.478,CHAT_MESSAGE_TOWER_KILL,,2,,-1,1629.656,CHAT_MESSAGE_TOWER_KILL,,2,,-1,1652.05,CHAT_MESSAGE_TOWER_KILL,0,2,,0,1765.356,CHAT_MESSAGE_TOWER_KILL,128,3,,5,1779.953,CHAT_MESSAGE_TOWER_KILL,,2,,-1,1791.95,CHAT_MESSAGE_TOWER_KILL,128,3,,5,1799.414,CHAT_MESSAGE_BARRACKS_KILL,,,1024,,1801.747,CHAT_MESSAGE_BARRACKS_KILL,,,256,,1814.944,CHAT_MESSAGE_BARRACKS_KILL,,,2048,,1886.776,CHAT_MESSAGE_TOWER_KILL,,3,,-1,1908.449,CHAT_MESSAGE_BARRACKS_KILL,,,1,,1923.233,CHAT_MESSAGE_BARRACKS_KILL,,,2,,1971.798,CHAT_MESSAGE_ROSHAN_KILL,,3,,,1972.601,CHAT_MESSAGE_AEGIS,128,,,5,2023.04,CHAT_MESSAGE_BARRACKS_KILL,,,512,,2077.826,CHAT_MESSAGE_TOWER_KILL,128,3,,5
,,,,,,,,,,,,,,,,,,,,,,,,,,,,,,,,,,,,,,,,,,,,,,,,,,,,,,,,,,,,,,,,,,,,,,,,,,,,,,,,,,,,,,,,,,,,,,,,,,,,,,,,,,,,,,,,,,,,,,,,,,,,,,,,,,,,,,,,,,,,,,,,,,,,,,,,,,,,,,,,,
116.805,CHAT_MESSAGE_FIRSTBLOOD,4,,5,4,843.061,CHAT_MESSAGE_TOWER_KILL,3,2,,3,,,,,,,,,,,,,,,,,,,,,,,,,,,,,,,,,,,,,,,,,,,,,,,,,,,,,,,,,,,,,,,,,,,,,,,,,,,,,,,,,,,,,,,,,,,,,,,,,,,,,,,,,,,,,,,,,,,,,,,,,,,,,,,,,,,,,,,,,,,,,,,,,,,,,,
124.17,CHAT_MESSAGE_FIRSTBLOOD,131,,0,8,,,,,,,,,,,,,,,,,,,,,,,,,,,,,,,,,,,,,,,,,,,,,,,,,,,,,,,,,,,,,,,,,,,,,,,,,,,,,,,,,,,,,,,,,,,,,,,,,,,,,,,,,,,,,,,,,,,,,,,,,,,,,,,,,,,,,,,,,,,,,,,,,,,,,,,,,,,,
52.321,CHAT_MESSAGE_FIRSTBLOOD,128,,3,5,810.002,CHAT_MESSAGE_TOWER_KILL,128,3,,5,1216.57,CHAT_MESSAGE_TOWER_KILL,,3,,-1,1351.87,CHAT_MESSAGE_TOWER_KILL,128,3,,5,1507.365,CHAT_MESSAGE_TOWER_KILL,4,2,,4,1615.805,CHAT_MESSAGE_TOWER_KILL,1,2,,1,,,,,,,,,,,,,,,,,,,,,,,,,,,,,,,,,,,,,,,,,,,,,,,,,,,,,,,,,,,,,,,,,,,,,,,,,,,,,,,,,,,,,,,,,,,,,,,,,,,,,,,,,,,,,,,,,,,,,,,,,,,,,,
85.613,CHAT_MESSAGE_FIRSTBLOOD,1,,8,1,147.632,CHAT_MESSAGE_TOWER_KILL,4,2,,4,239.076,CHAT_MESSAGE_TOWER_KILL,,2,,-1,248.407,CHAT_MESSAGE_TOWER_KILL,4,2,,4,285.931,CHAT_MESSAGE_TOWER_DENY,131,100,,8,,,,,,,,,,,,,,,,,,,,,,,,,,,,,,,,,,,,,,,,,,,,,,,,,,,,,,,,,,,,,,,,,,,,,,,,,,,,,,,,,,,,,,,,,,,,,,,,,,,,,,,,,,,,,,,,,,,,,,,,,,,,,,,,,,,,
2.299,CHAT_MESSAGE_FIRSTBLOOD,3,,6,3,,,,,,,,,,,,,,,,,,,,,,,,,,,,,,,,,,,,,,,,,,,,,,,,,,,,,,,,,,,,,,,,,,,,,,,,,,,,,,,,,,,,,,,,,,,,,,,,,,,,,,,,,,,,,,,,,,,,,,,,,,,,,,,,,,,,,,,,,,,,,,,,,,,,,,,,,,,,
1.4,CHAT_MESSAGE_FIRSTBLOOD,132,,4,9,440.159,CHAT_MESSAGE_TOWER_KILL,1,2,,1,549.932,CHAT_MESSAGE_TOWER_KILL,4,2,,4,667.037,CHAT_MESSAGE_TOWER_KILL,2,2,,2,678.901,CHAT_MESSAGE_TOWER_KILL,,3,,-1,716.825,CHAT_MESSAGE_TOWER_KILL,,2,,-1,755.549,CHAT_MESSAGE_ROSHAN_KILL,,2,,,755.816,CHAT_MESSAGE_AEGIS,0,,,0,825.199,CHAT_MESSAGE_TOWER_KILL,2,2,,2,888.583,CHAT_MESSAGE_TOWER_KILL,2,2,,2,916.643,CHAT_MESSAGE_BARRACKS_KILL,,,4,,921.042,CHAT_MESSAGE_BARRACKS_KILL,,,8,,1010.553,CHAT_MESSAGE_TOWER_KILL,,2,,-1,1029.349,CHAT_MESSAGE_TOWER_KILL,,3,,-1,,,,,,,,,,,,,,,,,,,,,,,,,,,,,,,,,,,,,,,,,,,,,,,,,,,,,,,,,,,,,,,,,,,,,,,,,,,,,,
397.836,CHAT_MESSAGE_FIRSTBLOOD,128,,3,5,567.528,CHAT_MESSAGE_TOWER_KILL,131,3,,8,761.747,CHAT_MESSAGE_TOWER_KILL,,3,,-1,849.859,CHAT_MESSAGE_TOWER_KILL,128,3,,5,893.915,CHAT_MESSAGE_TOWER_KILL,1,2,,1,934.105,CHAT_MESSAGE_TOWER_KILL,128,3,,5,992.224,CHAT_MESSAGE_TOWER_KILL,,3,,-1,1011.686,CHAT_MESSAGE_TOWER_KILL,,3,,-1,,,,,,,,,,,,,,,,,,,,,,,,,,,,,,,,,,,,,,,,,,,,,,,,,,,,,,,,,,,,,,,,,,,,,,,,,,,,,,,,,,,,,,,,,,,,,,,,,,,,,,,,,,,,,,,,,,
145.131,CHAT_MESSAGE_FIRSTBLOOD,0,,8,0,715.792,CHAT_MESSAGE_TOWER_KILL,2,2,,2,788.441,CHAT_MESSAGE_TOWER_KILL,2,2,,2,959.133,CHAT_MESSAGE_TOWER_KILL,132,3,,9,1008.52,CHAT_MESSAGE_TOWER_KILL,2,2,,2,1114.628,CHAT_MESSAGE_TOWER_KILL,132,3,,9,1134.623,CHAT_MESSAGE_TOWER_DENY,1,60,,1,1147.686,CHAT_MESSAGE_TOWER_KILL,4,2,,4,1267.524,CHAT_MESSAGE_TOWER_KILL,0,2,,0,1308.714,CHAT_MESSAGE_TOWER_KILL,,3,,-1,1311.446,CHAT_MESSAGE_TOWER_KILL,3,2,,3,1421.886,CHAT_MESSAGE_TOWER_KILL,130,3,,7,,,,,,,,,,,,,,,,,,,,,,,,,,,,,,,,,,,,,,,,,,,,,,,,,,,,,,,,,,,,,,,,,,,,,,,,,,,,,,,,,,,,,,,,,,
82.713,CHAT_MESSAGE_FIRSTBLOOD,4,,7,4,,,,,,,,,,,,,,,,,,,,,,,,,,,,,,,,,,,,,,,,,,,,,,,,,,,,,,,,,,,,,,,,,,,,,,,,,,,,,,,,,,,,,,,,,,,,,,,,,,,,,,,,,,,,,,,,,,,,,,,,,,,,,,,,,,,,,,,,,,,,,,,,,,,,,,,,,,,,
9.831,CHAT_MESSAGE_FIRSTBLOOD,4,,5,4,,,,,,,,,,,,,,,,,,,,,,,,,,,,,,,,,,,,,,,,,,,,,,,,,,,,,,,,,,,,,,,,,,,,,,,,,,,,,,,,,,,,,,,,,,,,,,,,,,,,,,,,,,,,,,,,,,,,,,,,,,,,,,,,,,,,,,,,,,,,,,,,,,,,,,,,,,,,
113.039,CHAT_MESSAGE_FIRSTBLOOD,132,,1,9,,,,,,,,,,,,,,,,,,,,,,,,,,,,,,,,,,,,,,,,,,,,,,,,,,,,,,,,,,,,,,,,,,,,,,,,,,,,,,,,,,,,,,,,,,,,,,,,,,,,,,,,,,,,,,,,,,,,,,,,,,,,,,,,,,,,,,,,,,,,,,,,,,,,,,,,,,,,
41.756,CHAT_MESSAGE_FIRSTBLOOD,128,,0,5,976.228,CHAT_MESSAGE_TOWER_KILL,,3,,-1,995.024,CHAT_MESSAGE_TOWER_KILL,,2,,-1,1028.082,CHAT_MESSAGE_TOWER_KILL,,2,,-1,1191.509,CHAT_MESSAGE_TOWER_KILL,1,2,,1,1481.105,CHAT_MESSAGE_TOWER_KILL,4,2,,4,1552.821,CHAT_MESSAGE_TOWER_DENY,2,60,,2,1587.212,CHAT_MESSAGE_ROSHAN_KILL,,2,,,1589.012,CHAT_MESSAGE_AEGIS,4,,,4,1703.384,CHAT_MESSAGE_TOWER_KILL,4,2,,4,1995.811,CHAT_MESSAGE_TOWER_KILL,4,2,,4,2124.182,CHAT_MESSAGE_ROSHAN_KILL,,2,,,2124.583,CHAT_MESSAGE_AEGIS,4,,,4,2150.739,CHAT_MESSAGE_TOWER_DENY,130,100,,7,2176.159,CHAT_MESSAGE_BARRACKS_KILL,,,8,,2178.232,CHAT_MESSAGE_BARRACKS_KILL,,,4,,2218.503,CHAT_MESSAGE_TOWER_KILL,,2,,-1,2234.758,CHAT_MESSAGE_TOWER_KILL,,3,,-1,,,,,,,,,,,,,,,,,,,,,,,,,,,,,,,,,,,,,,,,,,,,,,,,,,,,,,
132.034,CHAT_MESSAGE_FIRSTBLOOD,3,,6,3,1079.07,CHAT_MESSAGE_TOWER_DENY,3,60,,3,1292.551,CHAT_MESSAGE_TOWER_DENY,129,60,,6,1757.853,CHAT_MESSAGE_TOWER_KILL,,3,,-1,1890.104,CHAT_MESSAGE_TOWER_KILL,,2,,-1,2044.162,CHAT_MESSAGE_TOWER_KILL,131,3,,8,2117.077,CHAT_MESSAGE_TOWER_KILL,131,3,,8,,,,,,,,,,,,,,,,,,,,,,,,,,,,,,,,,,,,,,,,,,,,,,,,,,,,,,,,,,,,,,,,,,,,,,,,,,,,,,,,,,,,,,,,,,,,,,,,,,,,,,,,,,,,,,,,,,,,,,,,
166.934,CHAT_MESSAGE_FIRSTBLOOD,128,,2,5,,,,,,,,,,,,,,,,,,,,,,,,,,,,,,,,,,,,,,,,,,,,,,,,,,,,,,,,,,,,,,,,,,,,,,,,,,,,,,,,,,,,,,,,,,,,,,,,,,,,,,,,,,,,,,,,,,,,,,,,,,,,,,,,,,,,,,,,,,,,,,,,,,,,,,,,,,,,
118.538,CHAT_MESSAGE_FIRSTBLOOD,0,,7,0,665.004,CHAT_MESSAGE_TOWER_KILL,129,3,,6,706.394,CHAT_MESSAGE_TOWER_KILL,4,2,,4,725.989,CHAT_MESSAGE_TOWER_DENY,1,60,,1,,,,,,,,,,,,,,,,,,,,,,,,,,,,,,,,,,,,,,,,,,,,,,,,,,,,,,,,,,,,,,,,,,,,,,,,,,,,,,,,,,,,,,,,,,,,,,,,,,,,,,,,,,,,,,,,,,,,,,,,,,,,,,,,,,,,,,,,,,
159.961,CHAT_MESSAGE_FIRSTBLOOD,4,,8,4,,,,,,,,,,,,,,,,,,,,,,,,,,,,,,,,,,,,,,,,,,,,,,,,,,,,,,,,,,,,,,,,,,,,,,,,,,,,,,,,,,,,,,,,,,,,,,,,,,,,,,,,,,,,,,,,,,,,,,,,,,,,,,,,,,,,,,,,,,,,,,,,,,,,,,,,,,,,
